Gene_ID,Gene_name
1011_s_at,YWHAE
1012_at,KAT2B
1013_at,SMAD5
1018_at,WNT10B
1019_g_at,WNT10B
1025_g_at,CYP1A1
1029_s_at,TXK
1031_at,SRPK1
1033_g_at,CXCR2
1034_at,TIMP3
1035_g_at,TIMP3
1036_at,IL15
103_at,THBS4
1042_at,RARRES1
1045_s_at,RELA
1046_at,IFIT5
1050_at,MLANA
1052_s_at,CEBPD
1053_at,RFC2
1055_g_at,RFC4
1056_s_at,IL16
1057_at,CRABP2
1059_at,NTRK3
1066_at,IL12RB1
1069_at,PTGS2
1074_at,RAB1A
1079_g_at,PRLR
1082_at,PLCG1
1088_at,BDNF
1089_i_at,M64936
108_g_at,RAB40AL
1092_at,EDN2
1093_at,PPP2R1B
1098_at,THPO
1099_s_at,GSTT2B
109_at,RABEPK
1102_s_at,NR3C1
1109_s_at,PDGFA
1111_at,NCAM1
1123_at,GHRHR
1124_at,KMT2A
112_g_at,TAF1
1132_s_at,RARG
1133_at,EN2
1136_at,DTYMK
1137_at,SLC20A2
1142_at,TIGR: HG3432-HT3618
1145_g_at,FGFR2
1146_at,CD4
1148_s_at,NRG1
1152_i_at,CGB2
1157_s_at,IFNAR1
1159_at,IL7
1168_at,PCDHB17
116_at,PRKAR2A
1174_at,MOS
1185_at,IL3RA
1186_at,GDF10
1189_at,CDK8
118_at,ITPKA
1190_at,PTPRO
1192_at,PSMD12
1193_at,UBE3A
1195_s_at,ITGB1BP1
1196_at,RCC1
1197_at,ACTG2
1200_at,GLI2
1202_g_at,RAB33A
1203_at,INHBA
1205_at,D26528
1206_at,CDK5
1207_at,CDK6
1209_at,TRAF6
120_at,ITGA1
1211_s_at,CRADD
1212_at,GSTZ1
1221_at,RAB5B
1222_at,CDK17
1227_g_at,ADAM17
1229_at,MTMR11
1238_at,MAPK9
1242_at,ERF
1245_i_at,PAK2
1247_g_at,PTPRS
1249_at,GAB1
1250_at,PRKDC
1259_at,ZNF23
126_s_at,SSX2B
1272_at,EIF2S3
1273_r_at,CDC34
1278_at,AXL
1280_i_at,MKNK2
1281_f_at,MKNK2
1290_g_at,GSTM5
1304_at,AJ001487
1305_s_at,CYP4F2
1307_at,XPA
1308_g_at,XPA
1313_at,PSMB7
1320_at,PTPN21
1324_at,RAD9A
1328_at,TRAF5
1343_s_at,SERPINB3
1344_at,PAX3
1348_s_at,PCCA
1349_at,S81294
134_at,ABI2
1355_g_at,NTRK2
1361_at,TERF1
1362_s_at,RXRB
1363_at,FGFR2
1369_s_at,CXCL8
1371_s_at,CYP2B7P
1381_at,RARB
1388_g_at,VDR
1390_s_at,GHRH
1397_at,MAP3K11
1407_g_at,NR2C1
1413_at,D26561
1419_g_at,NOS2
1427_g_at,SLA
1431_at,CYP2E1
1438_at,EPHB3
143_s_at,TAF5
1451_s_at,POSTN
1452_at,LMO4
1454_at,SMAD3
145_s_at,TBX5
1464_at,MIR483
1465_s_at,MYBL1
146_at,PI4KB
1470_at,POLD2
1474_s_at,MYB
1479_g_at,ITK
147_at,TSG101
1481_at,MMP12
1482_g_at,MMP12
1483_at,CDH4
1489_s_at,MYCL
1492_f_at,CYP2A7
1493_r_at,CYP2A6
1503_at,BRCA2
1507_s_at,EDNRA
150_at,MAGI1
1513_at,KLK3
1516_g_at,FEN1
1520_s_at,IL1B
1521_at,NME1
1525_s_at,FGF8
1532_g_at,N4BP2L2
1537_at,EGFR
1538_s_at,IL2
1540_f_at,IFNA5
1541_f_at,IFNA6
1548_s_at,IL10
1560_g_at,PAK2
1568_s_at,IFNAR2
156_s_at,GPR19
1571_f_at,RB1
1574_s_at,IL4
1581_s_at,TOP2B
1584_at,CDC25C
1586_at,IGFBP3
1589_s_at,IFNAR2
158_at,DNAJB4
1590_s_at,HRAS
1593_at,FGF2
1595_at,TEK
1597_at,GAS6
159_at,VEGFC
160026_at,PRKX
160027_s_at,IGF2R
160030_at,GHR
160031_at,CDH3
160033_s_at,XRCC1
160035_at,CEACAM7
160036_at,ESRRB
160038_s_at,INS
160039_at,MAPK4
160043_at,MYBL1
1601_s_at,IGFBP5
1604_at,EPHA5
1605_g_at,EPHA5
1607_at,CDKN2B
1609_g_at,MET
1616_at,FGF9
1617_at,TRIM25
161_at,RAB9BP1
1621_at,CDC5L
1624_at,RAP1GDS1
1628_at,TIGR: HG3175-HT3352
1635_at,ABL1
1639_s_at,E2F5
1645_at,KISS1
1654_at,BRAF
1656_s_at,ABL1
1660_at,UBE2N
1666_at,IFNA1
1669_at,WNT5A
1670_at,TFDP1
1677_at,IGFBP5
1678_g_at,IGFBP5
1679_at,GABRA2
167_at,EIF5
1683_at,WT1-AS
1686_g_at,SPHAR
1688_s_at,MNAT1
1689_at,DCHS1
168_at,ADK
1693_s_at,TIMP1
1694_s_at,HNRNPU
1696_at,POLB
1697_s_at,PTPRJ
1698_g_at,MAP2K5
1699_at,MAP2K5
1703_g_at,E2F4
1710_s_at,TOP1
1712_s_at,MAP2K4
1713_s_at,CDKN2A
1715_at,TNFSF10
1719_at,MSH3
1720_at,MAD2L1
1721_g_at,MAD2L1
1730_s_at,FGF4
1738_at,CDC25A
1745_at,RET
1754_at,DAXX
1757_i_at,CYP3A7
1758_r_at,CYP3A7
1759_f_at,CYP3A7
1761_at,PDGFRL
1763_at,PMS2P5
1765_at,CASP10
1771_s_at,PDGFRB
1772_s_at,FNTA
1773_at,FNTB
1774_at,MXD1
1777_at,RIN1
1782_s_at,STMN1
1783_at,RIN2
1785_at,KDM5A
1788_s_at,DUSP4
1798_at,SLC39A6
1801_at,BARD1
1803_at,CDK1
1805_g_at,KLK3
1806_at,MCF2
1809_at,CDC7
1810_s_at,PRKCD
1811_at,PTPRH
1812_s_at,MET
1815_g_at,TGFBR2
1819_at,RAP2A
1820_g_at,RAP2B
1821_at,RAP2B
1824_s_at,PCNA
1828_s_at,FGF2
1831_at,BMP5
1843_at,TRIM27
1845_at,MAP2K4
1846_at,LGALS8
184_at,APLNR
1852_at,TNF
1860_at,TP53BP2
1862_at,ATM
1866_g_at,SKIL
1868_g_at,CFLAR
186_at,PRKAA2
1874_at,RAD23B
1875_f_at,PMS2P3
1876_at,RALA
1880_at,MDM2
1881_at,MECOM
1895_at,JUN
1897_at,TGFBR3
189_s_at,PLAUR
1907_at,RBL1
190_at,NR4A3
1911_s_at,GADD45A
1912_s_at,APC
1918_at,SKI
1919_at,VAV1
1921_at,RASGRF1
1928_s_at,SMAD2
1930_at,ABCC3
1931_at,ABCC4
1932_at,ABCC5
1934_s_at,VEGFC
1942_s_at,CDK4
1945_at,CCNB1
1948_f_at,NOS2
1951_at,ANGPT2
1959_at,AZIN1
1961_f_at,NOS3
1962_at,ARG1
1965_s_at,NOS1
1966_i_at,U18334
1972_s_at,MAP2
1974_s_at,TP53
1976_s_at,FES
1977_s_at,ETS1
1986_at,RBL2
1987_at,PDGFRA
1988_at,PDGFRA
1992_at,FHIT
1995_at,XPA
199_s_at,PKN2
2003_s_at,MSH6
2007_g_at,JAK3
2009_at,PTK2B
2012_s_at,PRKDC
2014_s_at,MAP2K6
2027_at,S100A2
2029_at,ARHGAP5
202_at,HSF2
203_at,GATA2
2042_s_at,MYB
2043_s_at,BCR
2051_at,MGMT
2053_at,CDH2
2057_g_at,FGFR1
205_g_at,HOXA4
2060_at,BCL2
2066_at,BAX
2069_s_at,CTNNA1
206_at,CTSE
2072_at,CDH12
2080_s_at,PGBD3
2081_s_at,PRKCQ
2082_s_at,CDH1
2083_at,CCKBR
2087_s_at,CDH11
2089_s_at,ERBB3
2091_at,WNT4
211_at,DR1
215_g_at,MSX1
230_s_at,FSHB
234_s_at,PTN
246_at,KLK1
249_at,NFATC4
257_at,ITGAV
261_s_at,APOB
262_at,AMD1
270_at,CYP3A4
272_at,GRP
273_g_at,GRP
278_at,NPR2
281_s_at,PPP3CA
282_at,KIF20B
284_at,HIST1H2AG
287_at,ATF3
289_at,STAT3
297_g_at,TUBB2A
298_at,MUC5AC
300_f_at,TIGR: HG4518-HT4921
302_at,TIGR: HG896-HT896
304_at,SOS2
31309_r_at,U50277
31311_at,X61070
31313_at,MGAT5
31314_at,BMP3
31332_at,AF034207
31343_at,IL1RN
31344_at,IGLV6-57
31345_at,TMPRSS11D
31350_at,OR10H3
31351_at,X63966
31355_at,ASCL2
31357_at,W26214
31358_at,W26228
31363_at,W27607
31365_f_at,NFAT5
31369_at,W28184
31371_at,W28197
31372_at,GALNT18
31374_at,W28268
31375_at,W28546
31376_at,W28918
31377_r_at,W26469
31381_at,PGLYRP1
31386_at,IGKV1OR2-118
31389_at,SQSTM1
31391_at,HAP1
31393_r_at,UTF1
31397_at,31397_at
31401_r_at,WSCD2
31403_at,SLC18A1
31404_at,GRK1
31411_at,BPY2
31414_at,TTTY2B
31415_at,XKRY2
31422_at,KRT37
31423_at,31423_at
31427_at,U43604
31437_r_at,ESR2
31439_f_at,RHCE
31446_s_at,SMR3A
31447_at,U63542
31448_s_at,LILRA2
31451_at,ARHGAP1
31454_f_at,AF034209
31460_f_at,IGLV1-40
31465_g_at,DCT
31467_at,HLA-DOA
31469_s_at,KIAA0226
31470_at,PFKFB2
31472_s_at,CD44
31474_r_at,TNKS
31475_at,TNKS
31482_at,CELP
31484_at,X72882
31487_at,FEZ2
31488_s_at,PGK1
31494_at,D25272
31496_g_at,XCL2
31498_f_at,GAGE12D
31499_s_at,FCGR3B
31501_at,W27645
31512_at,LOC652493
31513_at,LBX1
31516_f_at,BTF3P11
31518_i_at,BTF3P13
31520_at,CBX2
31521_f_at,HIST1H4J
31523_f_at,HIST1H2BE
31528_f_at,HIST1H2BM
31529_at,KRT83
31530_at,ACACB
31541_at,SERPINB13
31542_at,FLG
31543_at,PROL1
31547_at,D37933
31548_at,ADPRH
31549_at,MAS1
31550_at,ADRB1
31554_at,CHRND
31558_at,HR44
31559_at,SLC13A2
31560_at,IL1RL2
31562_at,GRK1
31564_at,IGHG1
31566_at,U00956
31569_at,SLC1A7
31577_at,COL19A1
31578_at,CFTR
31579_at,LINC00302
31580_at,AF028840
31581_at,IGKC
31585_at,GRM7
31587_at,SLC14A2
31591_s_at,CFHR4
31592_at,AJ002425
31597_r_at,EIF4EBP1
31601_s_at,RBMY1J
31602_at,TBX6
31603_at,AIM2
31606_at,RIMS1
31608_g_at,VDAC1
31611_s_at,BCL2L11
31612_at,SCGB1D1
31617_at,PDPN
31619_at,K00627
31621_s_at,ELN
31623_f_at,MT1A
31628_at,SLC15A1
31631_f_at,PTTG2
31635_g_at,PRH1
31641_s_at,MMP23A
31643_at,NEU3
31644_at,CCL27
31646_at,UGT2A2
31648_at,AB016899
31649_at,AB016900
31651_at,C6orf123
31652_at,MYH15
31653_at,SLC6A2
31659_at,LRIT1
31665_s_at,EIF2A
31668_f_at,W28193
31669_s_at,HOXA11
31670_s_at,SRP72
31676_at,ZNF208
31677_at,U28131
31681_at,EPOR
31682_s_at,VCAN
31684_at,ANXA2P1
31688_at,LCE2B
31689_at,HERC4
31690_at,GLUD2
31694_at,DDI2
31699_at,PIK3CB
316_g_at,PRDM2
31704_at,DNASE1L2
31706_at,MUC7
31710_at,31710_at
31712_at,DLGAP2
31717_at,PIN1P1
31718_at,ABCD2
31724_at,SHH
31728_at,HLA-DOA
31731_at,CBX4
31734_at,HOXC11
31740_s_at,PAX4
31743_at,LOC100287076
31746_at,POM121L2
31747_g_at,POM121L2
31755_at,EN2
31758_at,W28876
31759_at,SAG
31760_at,SAG
31763_at,OR7A5
31764_at,GPR98
31765_at,DOCK10
31767_at,XYLB
31768_at,HIST1H2AI
31769_at,WNT8B
31770_at,W27119
31774_at,AF068863
31777_at,MUSK
31782_at,PTGDR
31784_at,NTN3
31787_at,CAMLG
31788_at,ZBED4
31794_at,NT5C2
31795_at,ADRBK2
31796_at,KIF1C
31803_at,ICOSLG
31805_at,FGFR3
31808_at,ING3
31809_at,CNTN1
31810_g_at,CNTN1
31813_at,CAMK2A
31814_i_at,LRP3
31815_r_at,LRP3
31832_at,TMEM194A
31833_at,PIP5K1A
31834_r_at,ACSL6
31835_at,HRG
31836_at,MTIF2
31838_at,FAM216A
31844_at,HGD
31847_at,USPL1
31850_at,GCLC
31851_at,TRIM13
31852_at,ANKMY2
31855_at,SRPX
31856_at,LRRC32
31857_r_at,DHX34
31859_at,MMP9
31867_at,BBX
31871_r_at,EHHADH
31874_at,GAS2L1
31876_r_at,THAP9-AS1
31877_at,CDC23
31879_at,FUBP3
31880_at,UBXN8
31881_at,SGMS1
31884_at,MLH3
31885_at,PTPN3
31886_at,NT5E
31887_at,CKMT1A
31890_s_at,ZNF143
31892_at,PTPRM
31895_at,BACH1
31896_at,NBAS
31897_at,FILIP1L
31903_at,SS18L1
31910_at,U92021
31913_at,ELF5
31914_at,CHD1L
31916_at,KLRAP1
31917_at,PCDHA13
31921_at,OR2F1
31924_at,ADCY10
31925_s_at,RASGRF1
31927_s_at,C21orf33
31930_f_at,RHCE
31933_r_at,BTF3
31934_at,ADAM10
31937_at,KIAA0430
31939_at,BAI3
31943_g_at,TULP3
31965_at,EMR2
31966_at,DIO1
31970_r_at,PPEF2
31972_at,F2RL2
31973_at,CACNA1G
31975_at,MT4
31986_at,REPS1
31987_at,AL049268
31989_s_at,KIF17
31990_at,KIF17
31996_at,ARFGEF2
31998_at,ABCA1
32005_at,PMCH
32011_g_at,32011_g_at
32014_at,ADAM18
32018_at,PARD6B
32019_at,DKFZP434C153
32021_at,32021_at
32023_at,ZNF391
32024_at,KHDRBS2
32025_at,TCF7L2
32040_i_at,CDC5L
32041_r_at,CDC5L
32043_at,STC2
32044_at,UBE3C
32048_at,TCEB3
32049_f_at,TCEB3
32050_r_at,TCEB3
32054_at,CCNT2
32057_at,LRRC17
32059_at,UBXN2B
32061_at,INTS9
32062_at,LRRC14
32063_at,PBX1
32064_at,MED1
32072_at,MSLN
32073_at,KDM4A
32074_at,DCLRE1A
32078_at,NEDD4
32081_at,CIT
32082_at,SENP5
32083_at,GPR137B
32088_at,BLZF1
32089_at,SPAG6
32090_at,NMNAT2
32097_at,PCNT
32098_at,COL6A2
32102_at,SACS
32105_f_at,CAMK2G
32113_at,AIM1
32114_s_at,SPECC1L
32119_at,ZBTB20
32124_at,THOC2
32125_at,THOC2
32127_at,BICD1
32128_at,CCL18
32130_at,LOC100506033
32131_at,DZIP3
32132_at,DZIP3
32136_r_at,TPD52L1
32138_at,DNM1
32141_at,PPM1E
32146_s_at,ADD1
32148_at,FARP1
32149_at,MSMB
32150_at,GOLGA4
32154_at,TFAP2A
32159_at,KRAS
32161_at,LONP2
32164_at,EXT1
32168_s_at,RCAN1
32170_g_at,FBXO21
32173_at,HRSP12
32174_at,SLC9A3R1
32176_at,RASA4B
32179_s_at,SNAP23
32184_at,LMO2
32185_at,WNK1
32187_at,PCMTD2
32190_at,FADS2
32191_at,PCGF2
32197_at,SLC25A11
32210_at,PGM1
32212_at,AIFM1
32214_at,TXNL1
32233_at,TOR1B
32234_at,TOR1A
32237_at,KLHDC10
32239_at,MATN2
32243_g_at,CRYAB
32247_at,X53795
32248_at,WDR82
32249_at,CFHR1
32251_at,TCEAL4
32257_f_at,TERF1
32262_at,METTL13
32266_at,CDH12
32268_at,MAGI1
32277_at,KCNA3
32281_at,AF070549
32283_at,LINC00893
32284_at,TBX1
32285_g_at,TBX1
32286_at,TBX1
32287_s_at,KLRC3
32289_at,PTPRS
32292_at,COLEC10
32296_at,CA5A
32297_s_at,KLRC2
322_at,PIK3R3
32302_g_at,GUCY1A2
32309_at,U22172
32319_at,TNFSF4
32327_at,POU3F2
32342_at,CYP11B2
32344_r_at,KCNA4
32345_at,NTRK3
32346_at,AL049351
32348_at,AL109726
32361_s_at,TOP3B
32383_at,GHRHR
32387_at,PLA2G15
32388_at,AB007973
32389_at,W25892
32398_s_at,LRP8
323_at,PSKH1
32403_at,HTR7P1
32404_at,CNGA3
32413_at,RPS14
32420_at,GPR6
32421_at,AKAP5
32422_at,DOC2B
32425_at,CHRNA2
32428_at,AF026564
32429_f_at,ZNF33B
32441_at,CTPS1
32442_at,LOC100506699
32450_at,SCN7A
32451_at,MS4A3
32452_at,CDK3
32454_at,AL080215
32455_s_at,PELP1
32456_s_at,ATP2B3
32457_f_at,PRB4
32460_at,GABRB2
32461_f_at,ZNF81
32462_s_at,ARHGAP6
32464_at,DEFB4A
32470_at,GIF
32472_at,OXT
32473_at,KCNA6
32476_at,MAGEB3
32479_at,TNFRSF11A
32484_at,ACKR2
32488_at,COL3A1
32489_at,GRIN2B
32490_at,CEACAM4
32491_at,DRD3
32493_at,TEF
32494_at,HTR1D
32495_at,CLCN1
32500_at,D16471
32502_at,GDPD5
32503_at,SNX27
32504_at,SNX27
32505_at,GRINA
32510_at,AKR7A2
32512_at,NEFM
32515_s_at,CTSZ
32517_at,CAPN7
32518_at,ZPR1
32519_at,MAP2K2
32522_f_at,CLTB
32523_at,CLTB
32539_at,COPS8
32546_at,FH
32556_at,U2AF2
32559_s_at,LSM4
32561_at,SPIDR
32565_at,SMARCD3
32570_at,HPGD
32571_at,MAT2A
32578_at,MLX
32581_at,RAB2A
32584_at,PSMD8
32595_at,GRSF1
32598_at,NELL2
32600_at,DOK4
32601_s_at,POLR2C
32602_at,RAP1GDS1
32604_s_at,CEP68
32614_at,SV2B
32618_at,BLVRA
32620_at,FETUB
32624_at,RALGAPA1
32625_at,NPR1
32627_at,RANBP6
32633_at,ICA1
32635_at,TRIM33
32637_r_at,SMG1
32638_s_at,SMG1
32640_at,ICAM1
32643_at,GBE1
32645_at,PDE4DIP
32649_at,TCF7
32651_at,TAGLN3
32653_at,BRD8
32654_g_at,BRD8
32655_s_at,BRD8
32657_at,IQCB1
32665_at,PPM1B
32666_at,CXCL12
32667_at,COL4A5
32674_at,ZNF638
32678_at,MYO5A
32682_at,TMPO
32683_at,TMPO
32700_at,GBP2
32707_at,KATNA1
32708_g_at,KATNA1
32711_g_at,KCNAB1
32717_at,NEURL1
32718_at,TPST1
32720_at,ATG12
32722_at,ARG2
32725_at,BID
32731_at,APBB3
32732_at,MRPS14
32734_at,PPP2R5E
32741_at,RABEP1
32745_at,MRPL40
32753_at,SF3B3
32758_g_at,RAE1
32762_i_at,RAB3GAP2
32763_r_at,RAB3GAP2
32764_at,CPQ
32768_at,TDRD3
32769_at,WDFY3
32770_at,SEC24D
32771_at,GC
32776_at,RALB
32777_at,WRB
32778_at,ITPR1
32779_s_at,ITPR1
32781_f_at,DST
32782_r_at,DST
32790_at,NCBP2
32796_f_at,PRSS2
32802_at,MARCH6
32813_s_at,KATNB1
32817_at,SEC14L2
32822_at,SLC25A4
32828_at,BCKDK
32829_at,TIMM17A
32830_g_at,TIMM17A
32834_r_at,RIOK3
32835_at,RIOK3
32840_at,32840_at
32844_at,EIF4G1
32845_at,HSPG2
32847_at,MYLK
32848_at,PSMC4
32850_at,NUP153
32853_at,TOMM70A
32854_at,FBXW11
32856_at,MICAL3
32861_s_at,CD28
32865_at,LINC01314
32867_at,CHM
32868_at,TGM3
32871_at,AL049263
32876_s_at,RHO
32883_at,ZNF160
32889_at,RUNDC3B
32893_s_at,GGT2
32901_s_at,IFRD1
32905_s_at,TPSB2
32906_at,SLC15A1
32907_at,HTR6
32909_at,AQP5
32910_at,KDM7A
32911_s_at,KDM7A
32914_f_at,CACTIN
32919_at,AMIGO2
32921_at,GUSBP3
32925_at,MATN4
32929_at,DOLPP1
32934_i_at,F08219
32939_g_at,EFR3B
32942_at,ST8SIA5
32943_at,DBH
32945_i_at,MBL2
32947_at,SCN9A
32949_at,DSCR4
32951_g_at,POU6F2
32957_g_at,IQCK
32961_at,DENND4A
32963_s_at,RRAGD
32965_f_at,HSPA1B
32969_r_at,VGF
32970_f_at,HABP4
32972_at,NOX1
32987_at,CENPI
32989_at,RFX1
33005_at,AF010144
33009_at,MAP3K1
33011_at,NTSR2
33012_at,TNFSF8
33025_at,TP53TG5
33027_at,AGAP5
33032_r_at,AF055011
33033_at,ATP6V1G2
33035_at,TIPRL
33036_at,TRPA1
33042_r_at,AF055018
33050_at,DRD5
33051_at,GABRR1
33054_at,DNAH3
33056_at,EXOG
33059_at,PART1
33062_at,ZNF548
33066_at,PTPRB
33068_f_at,UGT2B15
33069_f_at,UGT2B15
33070_at,HCRTR1
33076_at,AF070543
33077_at,AF052150
33078_at,PRAMEF12
33080_s_at,RAP1GAP
33083_at,KIAA0509
33084_at,CPLX2
33088_at,KCNH1
33090_at,EFNA2
33091_at,HOXD13
33092_at,FPR3
33093_at,IL18RAP
33097_at,CEBPE
33104_at,PLEKHB1
33107_at,TRIM37
33108_i_at,SOX2
33119_at,FAM134B
33126_at,GLT8D1
33127_at,LOXL2
33128_s_at,CST6
33130_at,HOXD1
33138_at,33138_at
33140_at,B3GNT1
33142_at,GPR39
33147_at,ZFR
33149_at,CLP1
33150_at,UTP3
33152_at,ARF6
33157_at,INSM1
33162_at,INSR
33165_at,TOE1
33166_at,TRADD
33167_r_at,ADSS
33168_at,SLC46A3
33171_s_at,SEPT11
33172_at,SEPT11
33174_s_at,BBS4
33175_at,BBS4
33176_at,DOHH
33179_at,PPP1R2
33182_at,NTRK2
33183_at,GALK1
33185_at,CLCC1
33187_r_at,WHAMMP2
33191_at,FAM178A
33193_at,WIPI1
33195_at,DHODH
33196_at,NFRKB
33202_f_at,FXN
33203_s_at,FOXD1
33205_at,AF064804
33206_at,MTSS1L
33209_at,YY1
33212_at,RRBP1
33216_at,MRPS12
33217_at,CTNNBIP1
33222_at,FZD7
33224_at,CYHR1
33225_at,CYHR1
33226_at,KDM4B
33227_at,IL10RB
33233_at,ARID4B
33234_at,ARID4B
33241_at,MFAP3L
33247_at,PSMD14
33252_at,MCM3
33256_at,SLC25A12
33262_at,SLC25A16
33265_at,PEX2
33270_i_at,DMXL1
33278_at,ACSM3
33285_i_at,SIKE1
33286_at,ENDOG
33289_f_at,ZNF263
33291_at,RASGRP1
33297_at,OARD1
33306_at,ZNF24
33307_at,RRP7A
33309_at,ABHD5
33310_at,ABHD5
33314_at,GCDH
33316_at,TOX
33320_at,HCP5
33326_at,RAB21
33339_g_at,STAT1
33346_r_at,TUBG1
33347_at,RNF5
33348_at,TCF12
33350_s_at,WDR45
33351_at,EIF1B
33352_at,HIST2H2BE
33354_at,SMURF2
33357_at,NCKAP1
33363_at,EIF2AK1
33379_at,SSX2IP
33385_g_at,CAST
33387_at,GAS7
33389_at,CYP51A1
33393_at,DDX19B
33406_at,CBY1
33407_at,DIP2C
33410_at,ITGA6
33418_at,RAB3GAP1
33420_g_at,API5
33421_s_at,SC5D
33432_at,MED8
33433_at,FAM98A
33434_at,BET1
33435_r_at,BET1
33436_at,SOX9
33445_at,ABAT
33455_at,ALDOB
33456_at,MAPRE1
33457_at,FAM208A
33461_at,SEMA3A
33464_at,AL109703
33465_at,ADRB3
33467_at,CD300C
33474_at,GLI1
33476_at,EDDM3A
33477_at,RAB40A
33482_at,MYOD1
33486_at,CXorf23
33487_at,HPD
33488_at,TLR3
33490_at,TXK
33491_at,SI
33492_at,SLMO1
33494_at,ETFDH
33504_at,NXPH2
33506_at,INPP4A
33507_g_at,INPP4A
33508_at,INPP4A
33509_at,GRM1
33511_at,ZNF80
33512_at,GUCA2B
33514_at,CAMK4
33523_at,ALPI
33524_at,CRKL
33525_at,NPY2R
33537_at,KRT32
33541_s_at,LAIR2
33548_f_at,FUT2
33549_at,BDKRB1
33553_r_at,CCR6
33557_at,C22orf31
33558_at,TBX5
33560_at,AF070602
33564_at,AFM
33569_at,CLEC10A
33570_at,NKX2-5
33572_at,ZNF165
33573_at,APOBEC1
33574_at,C6orf10
33575_at,CD226
33577_at,HOXA2
33582_s_at,RBMS3
33584_at,CDKL2
33587_f_at,KCND3
33589_at,AF052103
33593_at,CDY1B
33596_at,SPOCK3
33604_at,IRS4
33605_at,NKX2-2
33606_g_at,NKX2-2
33607_at,HTR1E
33608_at,LY6G6D
33616_at,ZBTB25
33622_at,CACNA1C
33624_at,CACNA1E
33629_at,WWP2
33630_s_at,SPTBN2
33631_at,TXNL4A
33632_g_at,TXNL4A
33635_at,GNA13
33637_g_at,CTAG1A
33638_at,ERBB3
33643_at,MYCL
33646_g_at,GM2A
33649_at,ST8SIA4
33650_at,DDX27
33651_at,AQP8
33653_at,MYF5
33662_at,FAM161A
33663_at,FAM161A
33665_s_at,CSF2RA
33669_at,M69296
33671_f_at,GAGE12D
33672_f_at,UGT2B17
33686_at,SPINT3
33698_at,CEP164
33702_f_at,PCK1
33707_at,PLA2G4C
33710_at,LPCAT3
33711_at,POMC
33715_r_at,GTF2H2C_2
33718_at,WIZ
33723_at,GOSR1
33725_at,MAP1A
33726_at,POLR2D
33728_at,BSN
33729_at,SLC25A14
33730_at,GPRC5A
33737_f_at,ST20
33739_at,ST20
33740_at,FAM189B
33742_f_at,ATP6V1H
33743_at,ATRNL1
33744_at,GEMIN4
33746_at,ECD
33749_at,TP53TG1
33753_at,DAAM1
33754_at,NKX2-1
33756_at,AOC3
33758_f_at,PSG11
33759_at,BPGM
33760_at,PEX14
33766_at,VIPR1
33776_at,RWDD3
33780_at,VAMP1
33784_at,TRAF2
33785_at,BAI2
33789_at,CCL15
33791_at,DLEU1
33796_at,ARL4A
33797_at,MPHOSPH10
33798_at,SMG6
33799_at,SIAH2
337_at,PARG
33800_at,ADCY9
33805_at,CEP350
33809_at,GNAI1
33823_at,SCARB2
33825_at,SERPINA3
33827_at,N4BP2L2
33830_at,LEPROT
33831_at,CREBBP
33835_at,TSPYL4
33840_at,TPD52
33842_at,FAM214B
33843_g_at,FAM214B
33846_at,33846_at
33847_s_at,CDKN1B
33848_r_at,CDKN1B
33850_at,MAP4
33852_at,TIA1
33861_at,CNOT2
33862_at,PPAP2B
33864_at,ZMYND11
33878_at,EFHD1
33890_at,RGS5
33894_at,NET1
33900_at,FSTL3
33902_at,GPD1
33904_at,CLDN3
33905_at,MBD2
33906_at,SSSCA1
33911_at,PTPRD
33914_r_at,FECH
33918_s_at,HIRIP3
33921_at,SLC37A4
33924_at,DENND5A
33925_at,NRGN
33926_at,YLPM1
33927_i_at,YLPM1
33936_at,GALC
33947_at,GPR3
33948_at,CRHR2
33951_at,KCNJ10
33955_at,IL12A
33956_at,LY96
33961_at,AL109666
33962_at,PHEX
33964_at,CRYGC
33965_at,CCL1
33970_at,MAGEB1
33971_f_at,DAZL
33980_at,PFKFB1
33981_at,IL4
33985_s_at,HSP90AB1
33990_at,ALB
33991_g_at,ALB
33992_at,ALB
33999_f_at,IGHV5-78
339_at,CAV2
34005_at,PIGR
34007_at,GRM8
34009_at,CTAG2
34010_at,ARHGAP22
34011_at,HRK
34014_f_at,POU1F1
34022_at,CXCL3
34024_at,CLCN5
34028_at,GPR19
34029_at,DMP1
34031_i_at,KRIT1
34035_at,SLC10A1
34039_at,NCR1
34042_at,CHAD
34044_at,HSF2BP
34050_at,ACSM1
34053_at,ZPBP
34061_at,PVT1
34062_at,ETV2
34079_at,INE1
34083_at,GATC
34092_at,34092_at
34096_at,CEP152
34101_at,W27615
34106_at,GNA12
34114_at,ANKRD34C
34123_at,MTRF1L
34129_at,STXBP5L
34136_s_at,OR2H1
34137_at,OR2H1
34138_at,GNAO1
34143_at,CHRNA1
34144_at,TLR6
34145_at,TLR6
34146_at,OGG1
34157_f_at,HIST1H2AL
34170_s_at,PKD2
34173_s_at,CNTN5
34177_at,B4GALT2
34181_at,AGA
34184_at,APC2
34186_at,PCBP4
34188_at,ATP2B1
34189_at,SETDB1
34190_at,COCH
34191_at,DCP2
34193_at,CHL1
34195_at,GATAD1
34196_at,GATAD1
34199_at,SEC24A
341_at,PTAFR
34200_at,CLCN6
34202_at,PVRL3
34204_at,AL050043
34205_at,AL047307
34212_at,AGTPBP1
34217_at,KLF7
34219_at,INSL4
34222_at,BRINP2
34227_i_at,PRG4
34228_r_at,PRG4
34232_at,NKTR
34234_f_at,NKTR
34237_at,HBS1L
34238_at,IGSF1
34241_at,GATA4
34242_at,L3MBTL1
34244_r_at,L3MBTL1
34250_at,IQSEC3
34251_at,HOXB5
34252_at,AKIRIN2
34253_at,NUP160
34258_at,MKLN1
34261_at,PCYT2
34262_at,DIAPH2
34263_s_at,DIAPH2
34266_at,LEPR
34272_at,RGS4
34274_at,SCAF8
34276_at,NINL
34282_at,NFE2L3
34283_at,XYLT1
34284_at,IFT88
34286_at,BCAS2
34287_at,POFUT2
34288_at,ACKR3
34290_f_at,MED24
34295_at,USP15
34298_at,ITIH1
34309_at,CPA1
34313_at,NCOA2
34318_at,PRAF2
34321_i_at,FAM3C
34323_at,COPS2
34324_at,CLN5
34328_s_at,HLTF
34337_s_at,MTF2
34342_s_at,SPP1
34343_at,STAR
34349_at,SEC63
34350_at,CLIP1
34354_at,FGFR2
34357_g_at,MED21
34359_at,HDDC2
34360_s_at,HDDC2
34361_at,PCSK7
34363_at,SEPP1
34371_at,PPP4R1
34372_at,HUWE1
34377_at,ATP1A2
34378_at,PLIN2
34383_at,USP1
34389_at,COL14A1
34404_at,COPS7A
34414_at,KIAA0368
34417_at,DPY19L2P2
34419_at,RAD51B
34421_g_at,UCP3
34426_at,MR1
34428_at,KCNJ8
34429_at,MADCAM1
34430_at,GPT
34432_at,SH2D2A
34433_at,DOK1
34435_at,AQP9
34436_at,SLC17A3
34446_at,RABGAP1L
34449_at,CASP2
34458_at,S100A7
34459_at,N4BP2L2
34463_at,DNASE1
34466_at,HTR4
34469_at,ABO
34470_at,TFEC
34477_at,UTY
34483_at,SIGLEC6
34484_at,ARFGEF2
34487_at,34487_at
34488_i_at,FSCN2
34491_at,OASL
34492_at,SFT2D2
34493_at,TNFRSF10C
34498_at,VNN2
34501_at,RUNX2
34507_s_at,LMTK2
34519_at,NPR3
34521_at,MAP3K13
34522_at,AF070625
34528_at,LINC00599
34529_at,LINC00847
34531_at,FLRT1
34532_at,AF035318
34540_at,GRIK3
34541_at,CDR2L
34544_at,ZNF267
34545_at,CCDC88C
34549_g_at,CYP11B2
34550_at,DRD1
34559_at,KRTAP26-1
34561_at,MS4A2
34562_at,ZBTB6
34564_at,EPHA5
34566_at,CALCB
34568_at,KRT33B
34571_at,GNAT2
34575_f_at,MAGEA5
34576_at,MAGEA8
34578_at,SGCG
34582_at,SLC1A2
34584_at,ZNF45
34586_s_at,DLX2
34588_i_at,AMELX
34589_f_at,AMELX
34590_at,ZFP91-CNTF
34594_at,USP6NL
34595_at,MYO1A
34600_s_at,TUB
34601_at,ZNF37A
34605_at,ATF7
34606_s_at,ATF7
34611_at,ZKSCAN8
34612_at,S100G
34613_at,ZFR2
34614_at,KCNJ9
34615_at,KRT12
34617_at,TTPA
34620_at,PAX5
34626_at,HIC1
34631_at,EYA4
34634_s_at,HTR7
34637_f_at,ADH1A
34651_at,COMT
34656_at,MPP2
34657_at,AKAP11
34665_g_at,FCGR2C
34667_at,NFX1
34668_at,SLC33A1
34674_at,S100A1
34678_at,MYOF
34681_at,SEMA3E
34682_at,AL050271
34683_at,CELF1
34684_at,RECQL
34685_at,PYROXD1
34687_at,MRS2
34688_at,CAMSAP2
346_s_at,AGTR1
34700_at,TRIM3
34706_at,MGA
34723_at,COX11
34725_at,ARHGAP35
34727_at,AHCYL1
34728_g_at,AHCYL1
34731_at,PDCD11
34732_at,KIF5B
34735_at,ROCK1
34737_at,COG5
34739_at,FNBP1L
34744_at,HARS
34746_at,PAQR4
34758_at,EIF2B5
34760_at,CD302
34761_r_at,ADAM9
34762_at,RNF8
34765_at,KIAA0020
34766_r_at,SLC25A24
34767_at,MOAP1
34769_at,FAAH
34770_at,MAP3K8
34772_at,CORO2B
34785_at,MED13L
34793_s_at,PLS3
34797_at,PPAP2A
34798_at,BAG1
34800_at,LRIG1
34802_at,COL6A2
34812_at,GORASP1
34824_at,UBQLN2
34844_at,ZNF516
34848_at,FDFT1
34852_g_at,AURKA
34854_at,CIAPIN1
34862_at,SCCPDH
34870_at,LDB3
34872_at,CHMP7
34878_at,SMC4
34889_at,ATP6V1A
34897_at,TNK2
34898_at,AREG
34907_at,AATK
34910_s_at,PHTF2
34911_r_at,PHTF2
34914_at,PSTPIP1
34915_at,SLC8A1
34917_at,TNFRSF4
34918_at,SCN2B
34921_at,SEC14L5
34926_at,CD1A
34928_at,ZNF205
34930_at,GPR65
34935_at,FMO2
34937_at,DFFB
34938_i_at,PP14571
34940_at,AL080095
34944_at,U51704
34950_at,ZNF423
34951_at,HCAR3
34952_at,ART4
34953_i_at,PDE5A
34965_at,CST7
34966_at,T
34968_at,ZNF507
34969_s_at,OPLAH
34972_s_at,DNAH17
34977_at,SIGLEC7
34979_at,KDM4C
34980_at,KDM4C
34982_at,CYP26A1
34993_at,SGCD
35000_at,TNFSF9
35001_at,KCTD20
35002_g_at,KCTD20
35003_at,KCTD20
35004_at,DHRS2
35005_at,NME6
35006_at,TAF1A
35007_at,TWISTNB
35008_at,PER2
35012_at,MNDA
35013_at,LBP
35014_at,IGHG1
35019_at,ZNF254
35020_at,PHOX2B
35021_at,BMPR1B
35024_at,OPRK1
35026_f_at,ZNF273
35029_at,TRIM31
35030_i_at,FRMPD4
35032_at,PDE6C
35035_at,CHRNB3
35036_at,CD93
35039_at,DCUN1D4
35041_at,NTF3
35053_at,RAB28
35056_at,ARSF
35059_at,AF009267
35060_at,ZRSR2
35063_at,HGFAC
35065_at,AGGF1
35070_at,RLN1
35071_s_at,GMDS
35077_at,TACR1
35080_at,NTSR1
35085_r_at,KRIT1
35089_at,NRG2
35093_at,P2RX6
35094_f_at,LILRA3
35098_at,GABRD
35101_at,GP9
35104_r_at,LMO1
35105_at,SCEL
35106_at,CCIN
35110_at,MPHOSPH8
35112_at,RGS9
35113_at,SLC22A1
35121_at,SLC6A6
35122_at,LPAL2
35126_at,WASF2
35128_at,BRS3
35130_at,GSR
35140_at,CDK8
35145_at,MNT
35147_at,MCF2L
35148_at,TJP3
35149_at,CD40
35155_at,BTBD2
35157_at,PEX12
35158_at,MYCN
35162_s_at,ACVR2A
35164_at,WFS1
35165_at,CCDC93
35167_at,PPIP5K2
35168_f_at,COL16A1
35169_at,COL16A1
35172_at,TPST2
35189_at,C2CD2L
35192_at,GLDC
35193_at,RCBTB2
35197_at,C14orf79
35203_at,KAT6B
35209_at,EPM2AIP1
35211_at,PPP2R3A
35212_at,RNF139
35213_at,WBP4
35214_at,UGDH
35215_at,LARP7
35217_at,MFAP3
35223_at,HPS5
35224_at,MIR22HG
35229_at,CPT1A
35230_at,TICAM1
35233_r_at,CETN3
35240_at,WDR73
35243_at,CDK18
35245_at,F5
35246_at,TYRO3
35249_at,CCNE2
35250_at,RNF24
35252_at,C2CD5
35255_at,IPO7
35259_s_at,SCAF11
35274_at,AP1G1
35280_at,LAMC2
35285_at,SLC4A4
35293_at,TROVE2
35296_at,GGPS1
35303_at,INSIG1
35304_at,RAB6A
35311_at,CREG1
35314_at,NCAPD2
35322_at,KEAP1
35329_at,CYB5R1
35332_at,APOB
35334_at,GYG2
35344_at,LMO7
35346_at,FEM1B
35353_at,PSMC2
35356_at,MRFAP1L1
35357_at,MRFAP1L1
35360_at,MICU1
35361_at,PINK1
35366_at,NID1
35369_at,DTX4
35370_at,SUPT7L
35372_r_at,CXCL8
35373_at,PIK3R1
35375_at,APEX2
35376_f_at,ZNF780A
35380_at,TEAD1
35385_at,COQ7
35387_r_at,ACHE
35388_at,LHX1
35389_s_at,ABCA6
35390_at,ABCA6
35391_at,ADAM22
35392_g_at,ADAM22
35397_at,RAD51AP1
353_at,PITPNB
35400_at,DCLK1
35401_s_at,MMP17
35402_at,TNFRSF21
35408_i_at,ZNF44
35409_r_at,ZNF44
35413_s_at,ZNF22
35414_s_at,JAG1
35415_at,VIL1
35416_at,CUBN
35421_at,LNPEP
35424_g_at,GRM5
35425_at,BARX2
35429_at,LRRC48
35431_g_at,MED6
35435_s_at,HADH
35438_at,PLXNA3
35441_at,GLE1
35442_at,TMEM63A
35444_at,MISP
35446_at,ARHGAP33
35452_at,SCAND2P
35453_at,EPYC
35455_i_at,ZNF197
35456_r_at,ZNF197
35457_at,CARTPT
35458_r_at,ABCB10
35461_at,PLA2R1
35462_at,PLA2R1
35464_at,IL11
35465_at,SLC25A40
35467_g_at,DNAJB12
35469_at,HTR2A
35472_at,KCNJ15
35474_s_at,COL1A1
35475_at,ZNF177
35478_at,L04489
35480_at,DDO
35481_at,MYO16
35482_at,AKR1C4
35483_at,SNX29
35486_at,LIN7A
35489_at,MEP1A
35491_at,MAGEA10
35494_at,PANK3
35496_at,CETN1
354_s_at,RECQL
35501_at,HYPM
35502_at,AMHR2
35507_at,ARFIP1
35511_at,DAGLA
35513_r_at,MCF2L2
35518_at,PPP1R3A
35521_at,CLDN9
35526_at,C9
35527_at,CACNA2D1
35528_at,WIPF1
35532_i_at,KLRC4
35533_f_at,KLRC4
35538_at,GSTTP1
35543_at,RPGRIP1
35547_at,SLC16A7
35549_at,RPL39L
35550_at,PCYT1B
35551_g_at,PCYT1B
35552_at,PCYT1B
35554_f_at,ZIC2
35558_at,UGP2
35559_at,RORC
35560_at,AF070564
35561_at,MCC
35562_at,HIST1H2BJ
35563_at,MKL1
35567_at,C20orf194
35569_at,ZMIZ2
35570_at,SLCO1B1
35572_f_at,ZNF253
35574_i_at,35574_i_at
35575_f_at,35575_f_at
35580_at,ADCY1
35586_at,N75643
35588_at,ZNF799
35592_at,SLC8A2
35596_at,C19orf57
35600_at,PTBP3
35604_at,EXOG
35605_at,ANGPTL7
35606_at,HDC
35612_at,C10orf12
35617_at,MAPK7
35618_at,HELZ
35620_at,TOMM40
35622_at,LOC100291393
35623_at,PANX1
35629_at,MKL1
35632_at,CBLB
35635_at,LINC01278
35636_at,CA5B
35639_at,RUNX1T1
35648_at,AUTS2
35650_at,PLEKHM1
35652_g_at,MAP3K4
35655_at,ANKRD28
35660_at,SAG
35662_at,CASP6
35663_at,NPTX2
35665_at,PIK3C3
35666_at,SEMA3F
35668_at,RAMP1
35669_at,COBL
35670_at,ATP1A3
35676_at,DNALI1
35678_at,PCDH7
35684_at,MET
35686_s_at,CMC4
35689_at,HERC3
35694_at,MAP4K4
35697_at,PTS
35701_at,HRAS
35704_at,PLA2G16
35708_at,GLB1L2
35710_s_at,STRA13
35713_at,FANCC
35714_at,PDXK
35716_at,SULT1C2
35717_at,ABCA8
35721_at,HSD3B1
35724_at,PIR
35735_at,GBP1
35739_at,MTMR3
35740_at,EMILIN1
35756_at,GIPC1
35761_at,AASDHPPT
35763_at,NBEAL2
35764_at,OFD1
35768_at,RNF40
35771_at,LOC100294411
35775_at,SMYD2
35781_g_at,OBSL1
35782_at,OBSL1
35788_at,DYNC1I2
35794_at,PSD3
35795_at,HDAC6
35799_at,DNAJB9
35804_at,ASH2L
35821_at,HDAC3
35825_s_at,ZBTB18
35833_at,INSIG2
35838_at,ZNF410
35839_at,SQLE
35842_at,IL6ST
35844_at,SDC4
35845_at,SEC24B
35846_at,THRA
35847_at,USP24
35850_at,JMJD6
35852_at,CRY2
35854_at,SLC18A2
35857_at,GRIK1
35859_f_at,PMS2P3
35866_at,ZNF268
35872_at,PDE3B
35873_at,NR6A1
35879_at,GAL
35881_at,AL080060
35884_at,TRIM10
35885_at,USP9Y
35886_at,PACSIN2
35895_at,LEP
35897_r_at,BAI1
35898_at,WISP2
35901_at,PIWIL1
35908_at,SOX30
35909_at,PHLDA1
35922_at,SYCP2
35923_at,CCKBR
35927_r_at,LILRB1
35930_at,TSPY4
35931_at,ZNF8
35938_at,PLA2G4A
35940_at,POU4F1
35941_f_at,KIF1C
35945_at,DLG2
35948_at,ITGA9
35951_at,NRXN3
35957_at,SNN
35962_at,MAST1
35963_at,PFDN6
35964_at,MATN3
35966_at,QPCT
35967_at,ARNT
35968_s_at,ARNT
35969_at,MPHOSPH9
35972_at,RNASEH2B
35979_at,CTDP1
35980_at,PLCB1
35985_at,PALM2-AKAP2
35991_at,LSM6
35992_at,MSC
35993_s_at,LIN37
35998_at,LOC284244
35999_r_at,SIK2
359_at,IL13RA1
36001_at,METTL1
36009_at,GPX7
36015_at,APITD1
36017_at,SPRYD7
36026_at,PGAM2
36029_at,MPPED2
36044_at,PDE6D
36046_at,RCHY1
36047_at,NEK1
36048_at,ZNF318
36051_s_at,ADD2
36052_at,ADD2
36054_at,MAU2
36056_g_at,MAU2
36061_at,SEMA5A
36063_at,TP73-AS1
36066_at,AHCYL2
36068_at,CCS
36069_at,SRGAP2
36070_at,CEMIP
36071_at,IPO9
36073_at,NDN
36076_g_at,IFT27
36077_at,IFT27
36080_at,CLOCK
36083_at,TSPAN31
36087_at,RRP8
36090_at,TBL2
36093_at,HECTD4
36094_at,TNNT3
36116_at,TRIP10
36123_at,TST
36126_at,COASY
36133_at,DSP
36140_at,YBX1P2
36142_at,ATXN1
36143_at,CASP3
36144_at,SYT11
36164_at,PDHX
36176_at,TBCC
36177_at,TSN
36190_at,CDR2
36193_at,ARFIP2
36195_at,IDH3A
36205_at,NDUFA9
36211_at,BCL2L2
36213_at,MFHAS1
36215_at,PRKACB
36216_at,SNX4
36217_at,STK38
36219_at,ERLIN1
36220_at,DDAH1
36226_r_at,SFPQ
36229_at,IL17RA
36237_at,SLC22A6
36243_at,TLR1
36244_at,ZNF239
36249_at,ASPHD1
36250_at,ASPHD1
36254_at,TAC1
36263_g_at,GNS
36270_at,CD86
36273_at,CDK5R1
36279_at,KIAA0556
36282_at,RRN3P1
36287_at,PIK3CG
36289_f_at,FUT6
36292_at,P2RY2
36294_at,STK4
36296_at,LTA
36297_at,ATF1
36298_at,PRPH
36299_at,CALCA
362_at,PRKCZ
36301_at,INSL3
36304_at,C8B
36312_at,SERPINB8
36317_at,CORO2A
36321_at,TTTY15
36322_at,FUT7
36323_at,GABRA1
36324_at,ADORA2B
36328_at,SHBG
36331_at,TRAPPC10
36335_at,BTN1A1
36342_r_at,CFHR2
36345_g_at,F2RL1
36346_at,RGR
36347_f_at,HIST1H2BN
36349_at,KCNJ2
36353_at,HES2
36355_at,IVL
36360_at,RRP15
36367_at,PCDH11Y
36368_at,AF054998
36369_at,PTRF
36372_at,HK3
36373_at,ZXDB
36374_at,U79293
36383_at,ERG
36384_at,BAAT
36386_at,PDK1
36390_at,CMKLR1
36393_at,DPF1
36398_at,CTCF
36399_at,X51779
36404_at,GLP1R
36409_f_at,SSX2B
36413_at,P2RY10
36414_s_at,CASK
36415_at,CASK
36419_at,AF038171
36420_at,ITSN2
36421_at,AF038194
36422_s_at,CHRD
36423_at,NUPR1
36425_at,NEBL
36426_g_at,NEBL
36432_at,MCCC2
36435_at,PPM1A
36440_at,PTCRA
36442_g_at,KCNMA1
36443_at,DNAH9
36445_at,CCL23
36450_at,PYY
36451_at,ACVR1B
36453_at,KBTBD11
36456_at,ZZZ3
36457_at,GMPS
36458_at,FAN1
36459_at,ENPP4
36460_at,POLR1C
36461_at,TMED1
36463_at,BAG5
36475_at,GCAT
36476_at,BRD8
36480_at,PHKA2
36483_at,GALNT3
36487_at,SHOX2
36488_at,MEGF9
364_s_at,PLCB3
36507_at,ZNF282
36509_at,PIK3C2A
36512_at,AADAC
36514_at,CGRRF1
36518_at,SPTLC2
36523_at,ATP7A
36527_at,RBMX2
36531_r_at,TRAPPC6A
36535_at,MFAP1
36542_at,SLC9A6
36543_at,F3
36556_at,ARHGAP44
36561_at,PCCB
36563_at,COPG2IT1
36565_at,RNF113A
36566_at,CTNS
36568_at,SLC17A7
36569_at,CLEC3B
36575_at,RGS1
36578_at,BIRC2
36582_g_at,GARS
36596_r_at,GATM
36597_at,NOLC1
36599_at,ME2
36606_at,CPE
36609_at,SLC1A3
36612_at,FAM168A
36621_at,AHSG
36625_at,ACOT1
36631_at,PRDX3
36638_at,CTGF
36639_at,ADSL
36647_at,IARS2
36648_at,MED7
36649_at,EXOSC10
36650_at,CCND2
36651_at,ACP2
36657_at,APOC2
36662_at,MYL7
36663_at,NPPA
36664_at,GALT
36671_at,ASNS
36679_at,SRPR
36683_at,MGP
36685_at,AMD1
36687_at,COX7B
36688_at,SCP2
36689_at,OSBPL1A
36690_at,NR3C1
36691_at,CCBL1
36692_at,MTMR9
36695_at,OLFML1
36696_at,PIGC
36699_at,DSCAM
36706_at,CDKL5
36707_s_at,CDKL5
36711_at,MAFF
36714_at,NR2C2
36718_s_at,PDK3
36719_r_at,PDK3
36720_at,PDK3
36724_s_at,CCR5
36725_at,SCN2A
36726_at,PAX1
36728_at,ADRA1D
36730_at,ABCC10
36733_at,HSPB6
36739_at,PDK4
36741_at,GIT2
36743_at,GALNT10
36751_at,RGS11
36753_at,LILRB4
36755_s_at,IL5RA
36757_at,HIST1H3H
36758_at,SLC38A6
36762_at,GABRG2
36781_at,SERPINA1
36790_at,TPM1
36791_g_at,TPM1
36796_at,SPN
36802_at,CD33
36804_at,IDO1
36810_at,KIAA0485
36812_at,BCAR3
36818_at,VAMP4
36824_at,ASTN1
36830_at,MIPEP
36831_at,DSTYK
36837_at,KIF2C
36838_at,KLK10
36839_at,CDC6
36841_at,ACOT8
36842_at,ERC2
36848_r_at,LSM7
36849_at,ARHGAP29
36851_g_at,TUSC3
36853_at,GRIA1
36854_s_at,GRIA1
36856_at,PLEKHO2
36857_at,RAD1
36860_at,ZC3H4
36863_at,HMMR
36864_at,PEX3
36865_at,ANGEL1
36867_at,NFASC
36875_at,IBTK
36879_at,TYMP
36881_at,ETFB
36882_at,HOXD9
36886_f_at,KIR2DL5B
36889_at,FCER1G
36891_at,MCAT
36898_r_at,PRIM2
368_at,TPBG
36901_at,TMF1
36905_at,MAP3K7
36912_at,CHAF1B
36913_at,SLBP
36914_at,CTSO
36915_at,CTSO
36917_at,LAMA2
36919_r_at,FPR1
36920_at,MTM1
36921_at,DYNLT3
36925_at,HSPA2
36926_at,MAPK6
36940_at,MYO18A
36947_s_at,DYRK1A
36948_at,EID1
36953_at,SMAD4
36955_at,LMAN2
36960_at,PHC2
36965_at,ANK3
36968_s_at,EXOSC8
36983_f_at,HP
36997_at,AK1
37002_at,BLVRB
37013_at,ACE
37015_at,ALDH1A1
37018_at,HIST1H1C
37019_at,FGB
37030_at,FAF2
37045_at,SNX19
37051_at,KCNN3
37052_at,DGKG
37054_at,BPI
37055_at,ETV1
37056_at,TEC
37058_at,UGT2B4
37062_at,GABRA2
37063_r_at,AF035317
37064_at,LINC00894
37070_at,MPZ
37079_at,NUS1P3
37083_s_at,ZSCAN12
37085_g_at,LYZL6
37086_at,LYZL6
37089_at,ADAM3A
37090_at,ADAM3A
37094_at,XRCC3
37095_r_at,FPR2
37096_at,ELANE
370_at,STK38
37102_at,BRMS1
37107_at,PPM1D
37109_at,PROZ
37110_at,PFKFB3
37115_at,ZMYND8
37117_at,PRR5-ARHGAP8
37124_i_at,CYP3A5
37125_f_at,CYP3A5
37132_at,INVS
37137_at,GZMB
37138_at,RAD54L2
37140_s_at,EDA
37141_at,FOXA1
37142_at,GFRA1
37146_at,ATG2A
37150_at,KLHL20
37155_at,CNTNAP2
37156_at,ETV1
37159_at,AHDC1
37161_at,RSL1D1
37163_at,ABTB2
37164_at,RHD
37167_at,ATXN7
37169_at,ZNF536
37171_at,KIF23
37172_at,CPB2
37188_at,PCK2
37194_at,GATA2
37196_at,CDH5
37198_r_at,DYNC2LI1
37200_at,FCGR3A
37201_at,ITIH4
37203_at,CES1
37207_at,SERPINA7
37209_g_at,PSPH
37212_at,SP2
37214_g_at,DNASE1L1
37216_at,SBNO2
37218_at,BTG3
37220_at,FCGR1A
37221_at,PRKAR2B
37225_at,KANK1
37226_at,BNIP1
37230_at,KLHL21
37231_at,DLGAP5
37234_at,KNG1
37237_at,AP3M2
37240_at,HARS2
37243_at,GUCY1B3
37244_at,UCHL3
37248_at,GPR78
37252_at,SNAPC2
37264_at,ZNF131
37275_at,GABPB1
37277_at,NAIP
37279_at,GEM
37286_at,NRCAM
37291_r_at,SNCA
37292_at,MAML1
37295_at,GTF2E2
37299_at,GYS1
372_f_at,LOC391322
37301_at,PRKCB
37303_at,PARP4
37305_at,EZH2
37313_at,SMN2
37316_r_at,EAPP
37322_s_at,HPGD
37327_at,EGFR
37328_at,PLEK
37331_g_at,ALDH4A1
37333_at,DNMT1
37335_at,DGUOK
37349_r_at,HMGN3
37354_at,SP100
37356_r_at,USO1
37357_at,GCSH
37371_at,SMPD1
37392_at,PHKB
37400_at,J03068
37401_g_at,TRAK1
37403_at,ANXA1
37406_at,MAPRE2
37409_at,SRPK2
37410_at,MED22
37414_at,SLC22A18AS
37426_at,TOX3
37427_at,NTNG1
37431_at,PIAS2
37433_at,PIAS2
37436_at,SMCP
37437_at,IFT140
37443_at,TRMU
37444_at,PARD6A
37445_at,TMEM5
37452_at,UMOD
37453_at,CLPX
37456_at,LGALS2
37458_at,CDC45
37460_at,TIAM1
37465_at,TPPP
37472_at,MANBA
37479_at,CD72
37481_at,CDC40
37486_f_at,MEIS3P1
37488_at,FNTB
37489_s_at,SLC4A3
37491_at,TAF1
37495_at,PRR3
37497_at,HHEX
37500_at,ZNF175
37501_at,NKRF
37504_at,SMURF1
37505_at,NR0B2
37507_i_at,PRPF40A
37512_at,HSD17B6
37513_at,SCD
37515_at,MASP2
37520_at,ZNF330
37521_s_at,ZNF330
37522_r_at,ZNF330
37524_at,STK17B
37530_s_at,RELN
37533_r_at,TTC9
37534_at,CXADR
37540_at,MYOM2
37544_at,NFIL3
37552_at,KCNK1
37559_at,MTERF4
37561_at,NFYA
37567_at,SALL2
37571_at,DOCK9
37574_at,NEDD9
37575_at,ATF2
37588_s_at,MAPK8IP2
37589_at,AL109698
37593_at,PCCA
37594_at,BHMT
37596_at,PLCD1
37597_s_at,EXOC3
37600_at,ECM1
37608_g_at,KHK
37609_at,NUBP1
37610_at,COA1
37611_at,TNFRSF11B
37613_at,PVALB
37617_at,CCSER2
37620_at,TAF12
37627_g_at,IRF4
37628_at,MAOB
37631_at,MYO1E
37632_s_at,DNAJC2
37636_at,JADE3
37643_at,FAS
37653_at,COL18A1
37654_at,SNX17
37658_at,GAS6
37662_at,UBE2G1
37671_at,LAMA4
37673_at,NSMAF
37680_at,AKAP12
37682_r_at,MATR3
37688_f_at,FCGR2A
37689_s_at,FCGR2A
376_at,SEMA3C
37707_i_at,ADH5
37710_at,MEF2C
37713_at,ABHD14A
37723_at,CCNG2
37727_i_at,RCN2
37740_r_at,SLC25A5
37741_at,PYCR1
37743_at,FEZ1
37750_at,UBE2V2
37751_at,TM9SF4
37752_at,EIF4E
37755_at,BTBD3
37765_at,LMOD1
37767_at,HTT
37771_at,TAOK2
37772_at,CDK12
37773_at,RPGRIP1L
37776_at,PHTF1
37777_at,PTPRB
37779_at,SMPDL3B
37786_at,MARCH3
37788_at,ADAM23
37789_at,TADA2A
37792_s_at,RAD51D
37797_at,RPE
37799_at,ASGR2
37801_at,ATP6V0A2
37802_r_at,FAM63B
37815_at,DDX51
37817_at,CACTIN
37818_at,FBXO46
37826_at,UBE2D1
37827_r_at,DOPEY2
37830_at,TSPAN9
37832_at,MMACHC
37834_at,DYRK1B
37835_at,CD1C
37837_at,ADNP2
37838_at,F12
37839_at,NTRK3
37840_at,CNGA1
37848_at,PPFIBP1
37860_at,ZNF337
37861_at,CD1E
37862_at,DBT
37865_at,EDN3
37869_at,ERC1
37875_at,GPA33
37876_at,PRKD3
37877_at,NAT9
37878_at,PACRG
37881_at,GDF11
37882_at,GTF2E1
37884_f_at,C2orf27A
37886_at,AKAP8L
37887_at,CHEK2
37889_at,CD47
37891_at,YIPF6
37892_at,COL11A1
37894_at,CUL2
37895_at,SLC35A1
37896_at,TFF3
378_s_at,GML
37901_at,PIK3R4
37902_at,CRYZ
37903_at,GNL1
37906_at,LTBP2
37908_at,GNG11
37909_at,LAMA3
37910_at,HCFC1
37913_at,DHFR
37923_at,APOM
37927_at,RCC1
37930_at,ATP7B
37933_at,RBBP6
37936_at,PRPF4
37937_at,NLE1
37943_at,ZFYVE26
37944_at,GCH1
37945_at,ACOT7
37948_at,ATP6V1C1
37949_at,SNRPD1
37950_at,PREP
37952_at,ITGB3
37953_s_at,ASIC1
37954_at,ANXA8L1
37957_at,ATG4A
37961_at,PIK3R3
37962_r_at,STXBP3
37971_at,BAZ1A
37973_at,SNX13
37974_at,MSL3
37977_at,DTX2
37980_at,CIR1
37981_at,DBN1
37986_at,EPOR
37990_at,RYR1
37994_at,FMR1
37995_s_at,FMR1
37996_s_at,DMPK
379_at,TXNDC9
38000_at,PC
38009_at,SPDEF
38025_r_at,RUFY3
38030_at,U2SURP
38032_at,SV2A
38033_at,SEPT10
38034_at,STS
38041_at,GALNT1
38042_at,PRKCA
38045_at,CTNND2
38046_at,IK
38048_at,RBPMS
38052_at,F13A1
38053_s_at,BRE
38059_g_at,DPT
38066_at,NQO1
38083_at,NOTCH2
38089_at,UBAP2L
38092_at,EPAS1
38101_at,ZCCHC14
38103_at,GIGYF2
38127_at,SDC1
38128_at,NAT8
38130_s_at,GK3P
38135_at,CEP290
38140_at,EXTL1
38141_at,C5orf22
38142_at,ZNF211
38144_at,PDE12
38147_at,SH2D1A
38152_at,VWA5A
38156_at,MDFI
38157_at,DXO
38159_at,AF070581
38165_s_at,KMT2D
38169_s_at,SLC7A2
38171_at,DCAF7
38173_at,SETD1B
38175_at,CAND2
38176_at,GNB5
38178_at,HSD17B2
38179_at,ZNF174
38182_at,AL049280
38183_at,FOXF1
38185_at,PAX2
38188_s_at,MAN2A2
38189_s_at,DEPDC5
38190_r_at,DEPDC5
38191_at,DEPDC5
38196_at,PPIP5K1
38198_at,ANGEL2
381_s_at,PIK3CD
38211_at,ZBTB20
38212_at,B4GALNT1
38215_at,MPPED1
38219_at,CRK
38220_at,DPYD
38224_at,SNAPC3
38226_at,INTS10
38228_g_at,MITF
38229_at,CYP3A5
38230_at,EPAS1
38233_at,HOMER3
38235_at,ARHGEF15
38244_at,AF075680
38245_i_at,AI097085
38246_r_at,AI097085
38247_at,F2RL1
38249_at,VGLL1
38251_at,MYL6B
38255_at,NGDN
38258_at,MFSD9
38260_at,LAS1L
38268_at,SLC1A1
38270_at,PARG
38271_at,HDAC4
38272_at,DUSP14
38275_at,IMP4
38276_at,NFKBIE
38279_at,GNAZ
38280_s_at,NTRK2
38285_at,CRYM
38290_at,RGS14
38301_at,ADK
38302_at,ZNF202
38305_at,ARFGEF1
38306_at,ARFGEF1
38317_at,TCEAL1
38318_at,FAM8A1
38319_at,CD3D
38321_r_at,LIPE
38328_at,SLC25A13
38329_at,SLC25A13
38331_at,RIT1
38333_at,OGG1
38335_at,OGG1
38337_at,ZSCAN9
38343_at,ALMS1
38345_at,CNTRL
38347_at,ELP4
38348_at,ACOX2
38350_f_at,TUBA3D
38356_at,FST
38364_at,TLE4
38365_at,PEX1
38374_at,KLF10
38379_at,GPNMB
38380_at,POP4
38382_at,AI968364
38385_at,DSTN
38386_r_at,GSS
38388_at,OAS1
38389_at,OAS1
38402_at,LAMP2
38408_at,TSPAN7
38410_at,CETN2
38414_at,CDC20
38418_at,CCND1
38422_s_at,FHL2
38428_at,MMP1
38432_at,ISG15
38433_at,AXL
38436_at,RTF1
38439_at,NFE2L1
38458_at,CYB5A
38460_at,CYB5A
38461_at,NEB
38462_at,NDUFA5
38463_s_at,AMPD3
38465_at,PAM
38466_at,CTSK
38470_i_at,APPBP2
38472_at,EFR3A
38474_at,CBS
38476_at,RBM15B
38477_at,OVCA2
38488_s_at,IL15
38495_s_at,FUT3
38498_at,CRYBB2
38500_at,TMED7
38501_s_at,ITGB3BP
38504_at,CAPN5
38510_at,IRAK3
38511_at,ZNF529
38522_s_at,CD22
38524_at,U49184
38525_at,STAM2
38528_at,ACACA
38529_at,ACACB
38532_at,ZBTB39
38535_at,DLX4
38538_at,SLC24A1
38539_at,SLC24A1
38543_at,ALK
38549_at,RSAD2
38550_at,APBA3
38551_at,L1CAM
38552_f_at,BCAP29
38559_at,TET3
38561_at,UTP20
38563_at,RNASEH1
38567_at,CD1D
38568_at,TOPORS
38571_at,FGFR1OP
38572_at,FGFR1OP
38573_at,YAF2
38575_at,MALT1
38576_at,HIST1H2BD
38586_at,FABP1
38594_i_at,CEP170B
38599_s_at,FAM50A
38603_at,ZNF136
38606_at,TDO2
38608_at,LGALS7B
38612_at,TSPAN3
38616_at,NDRG2
38618_at,LIMK2
38629_at,MAPT
38631_at,TNFAIP2
38638_at,PDHA1
38640_at,ZNF593
38642_at,ALCAM
38649_at,FNDC3A
38651_at,FEZ2
38654_at,HNRNPU
38664_at,CFDP1
38667_at,GLOD4
38668_at,GPATCH8
38669_at,SLK
38670_at,RNF114
38676_at,HSPA13
38682_at,BAP1
38683_s_at,ANKHD1-EIF4EBP3
38690_at,CLDND1
38692_at,NAB1
38693_at,ATP5L
38695_at,NDUFS4
38697_at,YIPF3
38698_at,MOB4
38699_at,TUBB4A
38722_at,COL6A1
38727_at,MCFD2
38742_s_at,RAF1
38744_at,SHFM1
38746_at,ITGB4
38747_at,CD34
38754_at,NUPR1
38755_at,FADD
38756_at,RAP1A
38759_at,BTN3A2
38763_at,SORD
38767_at,SPRY1
38768_at,HADH
38775_at,LRP1
38776_at,ATP5G2
38781_at,GSTA2
38783_at,MUC1
38785_at,MUC1
38792_at,SMS
38795_s_at,UBTF
38800_at,STMN2
38803_at,NCALD
38806_at,HSPA4
38811_at,ATIC
38824_at,HTATIP2
38829_r_at,KHSRP
38835_at,TM9SF1
38836_at,NPTXR
38837_at,TMX4
38838_at,EXOSC9
38840_s_at,PFN2
38844_at,PDK2
38847_at,MELK
38849_at,SCAMP1
38853_at,GPR64
38854_at,CEP135
38855_s_at,OLFM1
38856_at,ADAMTSL3
38857_r_at,KLHL23
38859_at,SEC31B
38866_at,GRAP2
38867_g_at,GRAP2
38869_at,PLCH1
38873_at,VPRBP
38874_s_at,PRPH2
38878_at,SMAP1
38879_at,S100A12
38880_at,MAPKBP1
38881_i_at,TRIM16L
38890_at,APCS
38891_at,MTTP
38895_i_at,NCF4
38896_at,TNPO2
38898_at,FBXO21
388_at,PIK3R2
38904_at,SRC
38905_at,PRKAR2A
38906_at,SPTA1
38914_at,LCMT2
38920_at,CHEK1
38921_at,PDE1B
38930_at,W26472
38932_at,ZNF7
38936_at,CELA2A
38939_r_at,TBR1
38942_r_at,SPC25
38943_at,HCCS
38948_at,PPP1R3D
38949_at,PRKCQ
38950_r_at,MMP23A
38953_at,TRAIP
38957_at,DCLK1
38972_at,KCTD12
38981_at,NDUFB3
38983_at,NDUFA6
38988_at,WHSC1
38994_at,SOCS2
38995_at,CLDN5
38999_s_at,NMT1
39004_at,MRPS11
39005_s_at,LTN1
39007_at,MMP2
39017_at,LSM1
39021_at,DPY19L1
39028_at,IPO5
39035_at,UBR5
39041_at,DLAT
39055_at,SRI
39056_at,PAICS
39060_at,PSMB7
39064_at,MTHFS
39066_at,MFAP4
39069_at,AEBP1
39074_at,FLAD1
39075_at,NEU1
39077_at,LRRC75A-AS1
39089_at,NME4
39090_at,NUDT4P1
39091_at,ARL6IP5
39095_at,MYH7
39098_at,ELN
390_at,CCR4
39100_at,SPOCK1
39104_at,DHRS1
39105_at,VASP
39113_at,PDIA4
39115_at,CRELD1
39116_at,TMCO1
39123_s_at,TRPC1
39124_r_at,TRPC1
39132_at,SMARCA5
39138_g_at,NFRKB
39140_at,DHX29
39145_at,MYL9
39148_s_at,ATRX
39159_at,SH3GL1
39161_at,C17orf75
39162_at,GTF2H5
39169_at,SEC61G
39186_s_at,W28986
39190_s_at,SLC25A42
39193_at,W26500
39195_s_at,SLC25A26
39196_i_at,LRIG1
39197_s_at,U50536
39200_s_at,W28760
39203_at,C14orf132
39204_at,AF090097
39209_r_at,PPBP
39210_at,FUT4
39211_at,CCDC94
39214_at,SRPK3
39236_s_at,FAAH
39238_at,NAT6
39244_at,RAB4A
39246_at,STAG1
39247_at,ABCC6P2
39250_at,NOV
39251_at,CCNC
39259_at,39259_at
39262_at,SAC3D1
39264_at,OAS2
39265_at,ERAP1
39268_at,KCNF1
39272_g_at,RAB4B
39276_g_at,CACNA1D
39277_at,OSMR
39283_at,SHROOM2
39290_f_at,SERBP1
39294_at,NR2F1
39295_s_at,SORBS2
39297_at,MAB21L1
392_g_at,PPP5C
39305_at,BTRC
39307_s_at,CLTB
39316_at,RAB40C
39319_at,LCP2
39320_at,CASP1
39327_at,PXDN
39329_at,ACTN1
39332_at,TUBB2B
39334_s_at,ATN1
39351_at,CD59
39353_at,HSPE1
39366_at,PPP1R3C
39368_at,EIF2S2
39371_at,MAP1LC3B
39376_at,HIPK1
39379_at,DESI2
39380_at,ANKRD17
39385_at,ANPEP
39387_at,SEPHS1
39388_at,CAMK2G
39390_at,NUP133
39391_at,STAMBP
39394_at,C2orf72
393_s_at,RUNX1
39402_at,IL1B
39403_at,DNAJC13
39405_at,UTP14C
39407_at,BMP1
39408_at,ACADS
39413_at,OPHN1
39416_at,TAX1BP3
39422_at,PDE4DIP
39428_at,SH2B3
39432_at,B4GALT4
39438_at,CREBL2
39439_at,RPARP-AS1
39440_f_at,39440_f_at
39447_f_at,LRRC23
39452_s_at,SPTBN1
39457_r_at,AL050355
39458_s_at,L11372
39463_at,AAK1
39464_at,HSPA8
39466_s_at,MYH10
39470_at,AL049974
39471_at,CAPRIN1
39479_g_at,KCTD7
39483_s_at,SLC38A10
39485_g_at,PRRC1
39491_s_at,W28548
39494_at,GTF2H2
39499_s_at,PARD3
39502_at,DPYSL4
39504_at,GJC2
39510_r_at,PDCD4
39512_s_at,INPP4A
39513_r_at,INPP4A
39514_s_at,INPP4A
39517_at,C5orf15
39518_at,PRRC1
39519_at,ANKLE2
39521_at,SLC12A4
39522_at,PFKFB3
39526_at,PAIP2B
39535_at,HMX1
39537_at,KLHDC3
39538_at,SORT1
39539_at,ZBTB7A
39544_at,SYNM
39545_at,CDKN1C
39548_at,NPAS2
39550_at,COLGALT2
39555_at,ING2
39557_at,LYRM9
39559_at,KMO
39562_at,CGGBP1
39563_at,MIA3
39565_at,BMPR1A
39566_at,CHRFAM7A
39569_at,EVPL
39575_at,AJAP1
39579_at,CLDN10
39580_at,PPP1R26
39581_at,CSTA
39583_at,LRRN2
39586_at,DSG1
39588_at,TNFSF12
39589_at,KIAA0319
39590_at,APBA2
39596_at,NTRK3
39602_at,MYRIP
39604_at,CYTIP
39608_at,SIM2
39609_at,SIM2
39618_at,HAPLN1
39619_at,REEP2
39626_s_at,POU5F1P3
39627_at,EEA1
39630_at,PRM1
39633_at,S100A3
39641_at,CCNO
39642_at,ELOVL2
39643_at,POLG2
39647_s_at,CACNB2
39652_at,XCL1
39662_s_at,GRK4
39666_at,GNG4
39668_at,TFAP2B
39673_i_at,ECM2
39675_at,PRRG2
39676_at,MYF6
39680_at,STATH
39681_at,ZBTB16
39682_at,SCNN1B
39686_g_at,ATXN10
39698_at,HOPX
39702_at,RPP30
39705_at,SIN3B
39706_at,CPNE3
39707_at,MTMR4
39712_at,S100A13
39713_at,KDM5B
39715_at,CBX5
39718_r_at,MRPL33
39724_s_at,CUL1
39736_at,CDC42
39742_at,TANK
39745_at,OPA1
39748_at,SLC7A1
39752_at,CYB561D2
39760_at,QKI
39761_at,AVL9
39762_at,ZMYM4
39764_at,ACVR1
39765_at,TLN2
39769_at,CNP
39771_at,RHOBTB1
39772_at,ERI3
39773_at,C14orf1
39784_at,EIF2S1
39786_at,GRPEL1
39787_at,PEMT
39790_at,ATP2A2
39791_at,ATP2A2
39793_at,GBAS
39807_at,39807_at
39810_at,KXD1
39812_at,MRPL12
39813_s_at,DHRS7
39825_at,SLC25A1
39826_f_at,DDIT4
39834_at,CHRNE
39842_at,CRLF1
39843_at,CRLF1
39844_at,LSM12
39847_at,NOP14
39848_at,KCNS1
39849_at,KCNS1
39851_at,ANK2
39852_at,SPG20
39875_at,WASL
39880_at,LRRC37A2
39884_g_at,DIMT1
39887_at,GRIP1
39892_at,39892_at
39894_f_at,BRD1
39896_at,DHX16
39900_at,CADM4
39903_at,CIB2
39905_i_at,ARFGAP3
39907_at,TAF6L
39913_at,HS6ST1
39927_at,ARHGAP5
39930_at,EPHB6
39933_at,DUSP7
39936_at,CCR2
39938_g_at,CCR2
39941_at,RAD50
39942_at,BATF
39944_at,ZNF35
39947_at,EFNA4
39949_at,MOCS1
39950_at,SMPDL3A
39952_at,JAKMIP2
39953_i_at,ZNF623
39955_at,DLEU2
39959_at,UBD
39961_at,ATP10A
39974_at,ENTPD3
39975_at,UBFD1
39977_at,ZBTB11
39979_at,F10
39983_at,GLMN
39984_g_at,GLMN
39985_r_at,GLMN
39986_at,METTL21B
39987_at,FBXL4
39991_at,CDSN
39994_at,CCR1
39995_s_at,WWOX
399_at,STK25
40004_at,SIX1
40010_s_at,AFF2
40012_at,LRP8
40013_at,CLIC2
40017_at,PAMR1
40021_at,KCND1
40027_at,ATP5S
40030_at,PRKY
40036_at,MAGOH
40038_at,ST7
40044_at,ELL
40045_g_at,LDLRAD4
40048_at,PUM1
40052_at,ACTR1A
40056_at,SLC35B1
40057_at,PYGM
40060_r_at,PDLIM5
40062_s_at,MYL4
40066_at,UBA3
40067_at,ELF1
40068_at,LOC100510546
40072_at,MRPS31
40074_at,MTHFD2
40075_at,SYT1
40076_at,TPD52L2
40077_at,ACO1
40078_at,PRSS23
40079_at,AA156240
40081_at,PLTP
40082_at,ACSL1
40085_s_at,TFCP2
40086_at,WAPAL
40088_at,NRIP1
40093_at,BCAM
40097_at,EIF1AY
40101_g_at,ARHGEF2
40110_at,IDH3B
40113_at,TRIB2
40118_at,ZNF3
40120_at,HAGH
40121_at,UBE2K
40127_at,SFXN3
40129_at,PRKDC
40135_at,ATP5J2
40139_at,MTOR
40144_at,SIRPA
40150_at,SNRPD3
40154_at,TTLL3
40157_s_at,MYL1
40162_s_at,COMP
40167_s_at,WSB2
40168_at,CAV2
40170_at,PLIN3
40171_at,FRAT2
40174_at,CLCN2
40177_at,40177_at
40179_at,ZBTB33
40182_s_at,CARM1
40184_at,CSNK1A1
40186_at,DUSP9
40187_at,DDX52
40190_at,CEP68
40194_at,GTF2H2B
40198_at,VDAC1
40204_at,CTRL
40208_at,R37702
40220_at,HEXIM1
40221_at,TAF1C
40223_r_at,SBF1
40231_at,SMAD6
40237_at,PHLDA2
40239_g_at,IQCK
40242_at,THOC1
40243_at,GNAL
40245_at,ZNF140
40250_at,KRR1
40252_g_at,U00943
40256_at,AF070591
40261_at,RBFOX2
40266_at,VASH1
40269_at,PRPF18
40272_at,CRMP1
40273_at,SPHK2
40274_at,DBP
40276_at,PSMD7
40279_at,VGLL4
40283_at,CFD
40284_at,FOXA2
40290_f_at,ST3GAL1
40292_at,BRINP1
40297_at,STEAP1
40303_at,TFAP2C
40311_at,TFR2
40313_at,BNC1
40315_at,SPINK5
40325_at,NTHL1
40327_at,HOXB13
40333_at,BMP4
40334_at,CSTF2
40335_at,CLCN4
40339_at,GABRP
40340_at,SMIM8
40341_at,TMEM186
40342_at,DAZ4
40347_at,ANP32E
40349_at,CBR4
40350_at,ADAM23
40353_at,DPY19L4
40355_at,WDHD1
40356_at,CLCA2
40361_at,CCT6B
40364_at,SLC31A1
40367_at,BMP2
40372_at,PNLIPRP1
40373_at,PRH2
40375_at,EGR3
40380_at,ELAVL4
40384_at,NPHP1
40387_at,LPAR1
40391_at,SLC22A4
40392_at,CDX2
40393_at,HOXA4
40394_at,GGCX
40397_at,MEOX2
40398_s_at,MEOX2
40400_at,ADORA1
40412_at,PTTG1
40417_at,CCT5
40424_at,PROSC
40437_at,TMEM87A
40441_g_at,SERBP1
40443_at,CTNND1
40456_at,SLC39A8
40457_at,SRSF3
40459_at,ACOX1
40460_s_at,ACOX1
40465_at,DDX23
40475_at,CAPN6
40477_r_at,FOXK2
40480_s_at,FYN
40481_r_at,FYN
40482_s_at,C1orf61
40483_at,C1orf61
40484_g_at,C1orf61
40485_at,40485_at
40488_at,DMD
40496_at,C1S
40498_g_at,NPRL2
40503_at,MYBPC1
40507_at,SLC2A1
40508_at,GSTA4
40509_at,ETFA
40510_at,HS2ST1
40511_at,GATA3
40512_at,CHN1
40513_at,PPP3R1
40516_at,AHR
40523_at,FOXA2
40524_at,PTPN21
40531_at,SOX3
40533_at,EPR1
40540_at,KIAA1211L
40542_at,ASCL1
40543_at,ASCL1
40545_at,PROSC
40549_at,CDK5
40552_s_at,AL049987
40553_at,LOC646652
40556_at,RCN1
40559_at,FAM182B
40562_at,GNA11
40563_at,NUP50
40564_at,NUP50
40575_at,DLG5
40577_at,TSTD2
40581_at,TRIO
40582_at,PTPRJ
40583_at,PTPRJ
40586_at,EEF1E1
40587_s_at,EEF1E1
40598_at,STARD5
40600_at,DNAJC4
40604_at,DYRK2
40605_at,SNX4
40606_at,ELL2
40607_at,DPYSL2
40608_at,ATXN7L3B
40612_at,DOPEY1
40613_at,C6orf62
40616_at,EIF3J
40620_at,PAWR
40626_at,AI693193
40630_at,PIGHP1
40631_at,TOB1
40632_at,GP1BB
40633_at,DIS3
40639_at,SCO2
40640_at,NCAPH2
40644_g_at,ITGA2B
40646_at,CX3CR1
40650_r_at,CRHR1
40652_at,PASK
40655_at,KALRN
40661_at,NR4A3
40662_g_at,NR4A3
40663_at,REPS2
40670_at,KYNU
40671_g_at,KYNU
40675_r_at,HOXC6
40676_at,ITGB3BP
40678_at,ST8SIA1
40682_at,GYS2
40683_at,GRB14
40684_at,GCHFR
40685_at,ALDH3B1
40689_at,SEL1L
40690_at,CKS2
40691_at,ZNF274
40692_at,TLE4
40693_at,KCNB1
40694_at,KRT20
40699_at,CD8A
40701_at,USP13
40704_at,PIK3CA
40708_at,MPHOSPH9
40710_at,CLGN
40714_at,CTRC
40716_at,MAN1C1
40717_at,CTSV
40726_at,KIF11
40727_at,ANAPC10
40733_f_at,MSX2
40734_r_at,MSX2
40736_at,CDH17
40738_at,CD2
40740_at,PAX6
40742_at,HCK
40752_at,IZUMO4
40757_at,GZMA
40761_at,SLC16A5
40766_at,C4B
40769_r_at,NUP214
40772_at,MFSD7
40773_at,MYL5
40775_at,ITM2A
40779_at,KIFAP3
40780_at,CTBP2
40788_at,AK2
40789_at,AK2
40792_s_at,TRIO
40799_at,HN1L
40800_at,HN1L
40806_at,MGAT2
40814_at,IDS
40821_at,AHCY
40825_at,MAPRE3
40833_r_at,TOR1AIP1
40837_at,TLE2
40839_at,UBL3
40844_at,CTR9
40849_s_at,CREB3
40851_r_at,SEC23B
40852_at,TDRD7
40853_at,ATP10D
40857_f_at,PSG3
40860_s_at,ZC3H14
40865_at,TDG
40876_at,GYG1
40882_at,CES2
40888_f_at,W28170
40889_at,GBAP1
40893_at,SUCLA2
40900_at,MYH10
40901_at,STRN3
40902_at,WWP1
40905_s_at,PRPF31
40907_at,40907_at
40908_r_at,CUL4A
40913_at,ATP2B4
40914_s_at,ATP2B4
40917_at,CAMSAP1
40918_at,W28251
40920_at,CDC14B
40922_at,SLC36A1
40923_at,SLC36A1
40924_at,RNFT2
40926_at,SLC6A8
40930_at,SULT4A1
40931_at,TMED5
40934_at,MFSD5
40936_at,CRIM1
40939_at,RCE1
40944_at,KLF11
40945_at,KLF11
40948_at,ROM1
40949_at,DYNC1LI2
40952_at,SNX29P2
40953_at,CNN3
40962_s_at,SMARCA2
40963_at,ABCA4
40965_at,CLCN4
40966_at,STK39
40967_at,STK39
40972_at,AKT2
40973_at,PARD3
40974_at,SRRD
40977_f_at,CDR1
40982_at,TSR1
40985_g_at,TUBGCP4
40986_s_at,TUBGCP4
40990_at,TSPAN5
40992_s_at,SAP30
40993_r_at,SAP30
40995_at,NEFL
40996_s_at,NEFL
40997_at,PCBP2
41001_at,RPH3A
41002_at,SLC16A5
41005_at,ITGA8
41006_at,B3GNTL1
41007_at,MYOZ3
41011_i_at,RAPGEF4
41014_s_at,PITX2
41016_at,AB007979
41017_at,MYBPH
41020_at,PCSK2
41031_at,OMD
41033_at,ZNF84
41037_at,TEAD4
41038_at,NCF2
41040_at,RPP38
41042_r_at,MYO7A
41043_at,SOX15
41044_at,TBC1D31
41052_s_at,CACNA1A
41053_at,C6orf47
41057_at,ACOT13
41058_g_at,ACOT13
41059_at,CD300A
41062_at,PCGF1
41066_at,SCGB2A1
41067_at,TRDMT1
41073_at,LGR5
41074_at,LGR5
41079_at,ASIC3
41081_at,BUB1
41085_at,POLE2
41086_at,RGS20
41094_at,PIP
41100_at,CARD8
41102_at,GPKOW
41103_at,BRPF1
41110_at,CUL5
41111_at,BCAT2
41113_at,ZNF500
41121_at,STX16
41128_at,TMEM183B
41129_at,TMEM41B
41136_s_at,APP
41144_g_at,CALM1
41147_at,ISCA1
41150_r_at,POFUT1
41159_at,CLTC
41172_at,RDH11
41173_at,AL080205
41190_at,TNFRSF25
41196_at,KPNB1
41216_r_at,ID2
41217_at,VPS41
41218_at,USP34
41229_at,NFIB
41232_at,TCTN3
41248_at,CSTF2T
41250_at,AIMP2
41252_s_at,PLEKHB2
41254_at,ADAM22
41263_at,GTPBP1
41265_at,RBM4B
41269_r_at,API5
41271_at,SLC7A8
41277_at,SAP18
41280_r_at,MAPK8IP1
41293_at,KRT7
41296_s_at,STARD7
41297_at,MAN1A2
41311_f_at,NR2F6
41321_s_at,RMND5B
41323_at,LOC100507424
41325_at,KCNK3
41329_at,SCYL3
41334_r_at,MTDH
41341_at,SEMA7A
41358_at,CNNM2
41363_at,GEMIN2
41364_r_at,PHACTR2
41365_at,MUC5B
41368_at,SLC13A3
41372_at,ATG14
41376_i_at,UGT2B7
41377_f_at,UGT2B7
41379_at,SMC5
41380_at,DPH2
41384_at,RIPK2
41388_at,MEIS2
41389_s_at,MOK
41390_at,UTRN
41397_at,ZNF821
41399_at,PHF8
41401_at,CSRP2
41402_at,PARM1
41404_at,RPS6KA4
41410_at,NDUFAF1
41411_at,NDUFAF1
41414_at,RHBDD3
41417_at,GDE1
41418_at,LPHN1
41419_at,GULP1
41420_at,IGFBP5
41426_at,ZNF212
41427_at,WNT11
41430_at,WDR7
41432_at,RPS6KA5
41433_at,VCAM1
41437_at,TMEM251
41438_at,OSBPL8
41448_at,HOXA10
41449_at,SGCE
41455_at,ARHGAP32
41456_at,GATB
41459_at,TPP2
41462_at,SNX2
41463_at,C1orf216
41466_s_at,ZNF148
41467_at,SAPCD1
41468_at,TARP
41472_at,APOBEC3G
41474_at,KIF2A
41476_at,GNA11
41477_at,KCNJ13
41480_at,RAD51C
41481_at,ITGA2
41487_at,RASSF8
41488_at,LYRM1
41489_at,TLE1
41493_at,ATP11A
41494_at,ZER1
41501_at,HIPK3
41504_s_at,MAF
41505_r_at,MAF
41506_at,MAPKAPK5
41507_at,MAPKAPK5-AS1
41510_s_at,HSPA9
41511_at,CIITA
41516_at,YKT6
41517_g_at,YKT6
41518_at,YKT6
41519_at,PPP1R37
41520_at,PPP1R37
41521_at,MFNG
41523_at,RAB32
41524_at,INPP1
41526_at,HMG20B
41528_at,FAM168B
41531_at,TM4SF1
41534_at,PCDH7
41537_r_at,NFIX
41539_at,GRIN2C
41549_s_at,AP1S2
41550_at,RER1
41554_at,OSGIN2
41555_at,HS3ST1
41558_s_at,GRAMD1B
41567_at,TCF15
41571_at,REL
41579_s_at,PRKCI
41580_at,ARMCX4
41581_at,TSFM
41582_at,AVIL
41583_at,FEN1
41589_at,KCNQ2
41595_at,ICE1
41596_s_at,NAGLU
41598_at,SEC22B
415_at,CRKL
41600_at,PA2G4
41602_at,HPCA
41610_at,LAMA5
41613_at,TECPR2
41615_at,CTAGE5
41616_at,PIN4
41627_at,SDF2
41629_at,TM4SF4
41630_at,ZC2HC1A
41631_f_at,GSS
41632_at,E2F3
41635_at,WTAP
41640_at,YIPF1
41641_at,LYPD3
41644_at,SASH1
41652_at,COL11A2
41656_at,NMT2
41668_r_at,TGDS
41669_at,ZCCHC11
41671_at,EML1
41672_at,FBXL14
41675_at,SNAP91
41681_at,ABCB7
41682_s_at,BCKDHB
41683_i_at,BCKDHB
41685_at,LOC100507397
41691_at,UBXN7
41692_at,SYNJ1
41693_r_at,CROT
41698_at,SLC9A8
41699_f_at,BRD1
41700_at,F2R
41705_at,RFNG
41706_at,C1QTNF3
41712_at,AQR
41715_at,PIK3C2B
41729_at,ARIH1
41730_at,MYL3
41731_g_at,MYL3
41747_s_at,MEF2A
41748_at,TNNC2
41754_at,LRPPRC
41756_at,ZNF512
41757_at,VAPB
41761_at,TIAL1
41774_at,ARL4D
41775_at,ICMT
41777_at,ATP6AP2
41789_r_at,TSC22D2
41794_at,PDE6H
41801_at,FBXL5
41807_at,NACC2
41808_at,DMTF1
41810_at,PKI55
41813_at,NUP210
41814_at,FUCA1
41818_at,CARD10
41823_at,STAU1
41824_at,UTP18
41828_at,MBD1
41831_at,LRP5
41840_r_at,41840_r_at
41843_r_at,YIPF4
41848_f_at,IL24
41849_r_at,IL24
41852_at,RLF
41853_at,PRPSAP2
41854_at,MYB
41855_at,HAT1
41860_at,TEX30
41861_at,NOC2L
41863_at,RALYL
41865_at,ATPAF2
41871_at,PDPN
41872_at,DFNA5
424_s_at,FGFR1
430_at,PNP
437_at,MMP3
438_at,PRKACA
440_at,NFIC
443_at,MIR10B
449_at,CGRRF1
450_g_at,CGRRF1
454_at,SMARCD1
460_at,PKNOX1
465_at,KAT5
467_at,OSTF1
471_f_at,TUBB3
472_at,STAT5B
473_g_at,STAT5B
474_at,DGKE
481_at,SNRK
483_g_at,CDH13
510_g_at,SMAD4
512_at,NR1H3
513_at,MAP2K5
522_s_at,FOLR3
524_at,PMS1
525_g_at,PMS1
530_at,TONSL
535_s_at,NFKB2
538_at,CD34
540_at,HSPB2
546_at,PKIA
559_s_at,TLX1
561_at,FSHR
563_at,IL12B
566_at,PML
568_at,PRKACA
574_s_at,CASP1
582_g_at,NR2C1
583_s_at,VCAM1
586_s_at,CYP17A1
589_at,SRD5A1
593_s_at,ROS1
599_at,HLX
600_at,RAB5A
603_at,NR2C1
612_s_at,CNP
614_at,PLA2G2A
617_at,ACPP
621_at,RAB4A
623_s_at,RAB2A
625_at,VAT1
628_at,FZD2
636_at,L43338
638_at,HMGA2
639_s_at,TCEB3
640_at,RNF185
643_at,NR0B2
650_s_at,CAMK2G
651_at,RPA3
652_g_at,RPA3
655_at,GNRHR
656_at,INPP1
666_at,PDE4A
671_at,SPARC
681_at,MMP8
682_at,IFNA8
684_at,AGT
686_s_at,K03498
695_at,TNC
702_f_at,MSX2P1
706_at,NR3C1
708_at,PTH
717_at,TRIB2
719_g_at,HTRA1
720_at,HSF4
725_i_at,CSHL1
729_i_at,TIGR: HG2147-HT2217
738_at,NT5C2
742_at,HABP2
743_at,NAP1L3
744_at,DHX8
746_at,PDE3B
748_s_at,MXI1
756_at,ITPR2
758_at,PTGIR
759_at,PTGIS
761_g_at,DYRK2
762_f_at,HIST1H4I
764_s_at,CLOCK
771_s_at,CD7
772_at,CRK
773_at,MYH11
775_at,HTR1B
781_at,RABGGTB
782_at,POLR3C
785_at,WWP2
789_at,EGR1
798_at,PRIM1
802_at,TAF12
804_s_at,LLGL1
808_at,RAB27B
812_at,PPP1R2
819_at,TIMP4
821_s_at,FOLR1
823_at,CX3CL1
830_at,VAC14
833_at,ITGAD
836_at,PTCH1
843_at,PTP4A1
846_s_at,BAK1
850_r_at,IRS1
851_s_at,IRS1
855_at,PDCD2
859_at,CYP1B1
860_at,MSH2
862_at,SERPINB5
865_at,RPS6KA3
873_at,HOXA5
874_at,CCL2
875_g_at,CCL2
876_at,GNAI3
885_g_at,ITGA3
886_at,DCK
887_at,CERS1
892_at,TM4SF1
901_g_at,PLCB4
907_at,ADA
908_at,IFIT2
919_at,GNA12
927_s_at,MUC1
929_at,PPARA
940_g_at,NF1
944_s_at,PPFIA1
945_at,PSMD7
949_s_at,PSMC6
950_at,SEC62
952_at,FKBP1A
963_at,LIG4
965_at,MARK2
975_at,PLK4
976_s_at,MAPK1
978_at,BCL6
984_g_at,LOC100509694
987_g_at,CYP19A1
988_at,CEACAM1
989_at,NCK1
995_g_at,PTPRM
AFFX-CreX-5_st,--Control
AFFX-DapX-3_at,--Control
AFFX-DapX-5_at,--Control
AFFX-HUMRGE/M10098_5_at,--Control
AFFX-HUMRGE/M10098_M_at,--Control
AFFX-HUMTFRR/M11507_5_at,TFRC
AFFX-LysX-3_at,--Control
AFFX-LysX-5_at,--Control
AFFX-MurIL10_at,Il10
AFFX-MurIL2_at,--Control
AFFX-PheX-3_at,--Control
AFFX-ThrX-3_at,--Control
AFFX-ThrX-M_at,--Control
AFFX-TrpnX-5_at,--Control
AFFX-YEL018w/_at,--Control
AFFX-YEL021w/URA3_at,--Control
