Gene_ID,Gene_name
1323_at,UBB
1420_s_at,EIF4A2
31546_at,RPL18
31573_at,RPS25
31907_at,RPL14
32432_f_at,RPL15
32967_at,FAIM3
33485_at,RPL4
33499_s_at,IGHA2
33994_g_at,MYL6
34160_at,ACTG1
34210_at,CD52
34570_at,RPS27A
34609_g_at,GNB2L1
35055_at,BTF3
35905_s_at,GAPDH
36786_at,RPL10A
37344_at,HLA-DMA
37591_at,UCP2
37864_s_at,IGHV4-31
39318_at,TCL1A
39830_at,RPL27
39916_r_at,RPS15
40875_s_at,SNRNP70
41152_f_at,RPL36A
41231_f_at,HMGN2
41256_at,EEF1D
41338_at,AES
41741_at,RBM3
649_s_at,CXCR4
AFFX-BioDn-3_at,--Control
AFFX-HUMGAPDH/M33197_3_at,GAPDH
